ident,display_name
GCA_002418765.1,Peptococcaceae bacterium UBA5767
GCA_002440745.1,Bacteroidales bacterium UBA6267
GCA_016931495.1,Chlorobiaceae bacterium
GCA_016938515.1,Spirochaetales bacterium
GCA_016938795.1,Chromatiaceae bacterium
GCA_018399635.1,Clostridia bacterium
GCF_000020505.1,Chlorobaculum parvum NCIB 8327
GCF_000223985.1,Thiocapsa marina 5811
GCF_004118635.1,Chlorobaculum sp. 24CR
GCF_004138165.1,Candidatus Chloroploca sp. Khr17
GCF_900101955.1,Desulfuromonas thiophila
MAG1_1,MAG1_1
MAG2_1,MAG2_1
MAG3_1,MAG3_1
