intersect_bp,f_orig_query,f_match,f_unique_to_query,f_unique_weighted,average_abund,median_abund,std_abund,filename,name,md5,f_match_orig,unique_intersect_bp,gather_result_rank,remaining_bp,query_filename,query_name,query_md5,query_bp,ksize,moltype,scaled,query_n_hashes,query_abundance,query_containment_ani,match_containment_ani,average_containment_ani,max_containment_ani,potential_false_negative
2325000,0.008275434949742306,0.9987113402061856,0.008275434949742306,0.12208579830531141,34.94494623655914,35.0,9.800174523753862,/home/stamps2022/grist/MAGs.db.zip,MAG2_1,34642fcce4b89ef8c26c14e046853a37,0.9987113402061856,2325000,0,10031000,outputs.stamps/abundtrim/SRR8859675.abundtrim.fq.gz,SRR8859675,f6c19972,280952000,31,DNA,1000,280952,True,0.9475414728840611,0.9999584043867386,0.9737499386353998,0.9999584043867386,False
2166000,0.007709501978985734,0.9981566820276497,0.007709501978985734,0.26420342273599495,81.17497691597414,83.0,24.56320811430183,/home/stamps2022/grist/MAGs.db.zip,MAG3_1,8ecd0805d1e5efa1a4b12bdb7e75908d,0.9981566820276497,2166000,1,7865000,outputs.stamps/abundtrim/SRR8859675.abundtrim.fq.gz,SRR8859675,f6c19972,280952000,31,DNA,1000,280952,True,0.9453787242513609,0.9999404850300032,0.9726596046406821,0.9999404850300032,False
2009000,0.007150687661949372,0.3178294573643411,0.007150687661949372,0.0040751865915542055,1.3499253359880539,1.0,0.626684882267569,/home/stamps2022/grist/gtdb-rs207.genomic-reps.dna.k31.zip,"GCF_004138165.1 Candidatus Chloroploca sp. Khr17 strain=Khr17, ASM413816v1",69a7517d99b1edb5704e6fb1e459479a,0.3178294573643411,2009000,2,5856000,outputs.stamps/abundtrim/SRR8859675.abundtrim.fq.gz,SRR8859675,f6c19972,280952000,31,DNA,1000,280952,True,0.9430868268461852,0.9636997507503551,0.9533932887982701,0.9636997507503551,False
1875000,0.006673737862695407,0.6682109764789737,0.006673737862695407,0.006057181840175149,2.1498666666666666,2.0,1.353885759172054,/home/stamps2022/grist/gtdb-rs207.genomic-reps.dna.k31.zip,"GCF_900101955.1 Desulfuromonas thiophila strain=DSM 8987, IMG-taxon 2602042025 annotated assembly",1672dff9b6e79628d3f967a8ab337019,0.6682109764789737,1875000,3,3981000,outputs.stamps/abundtrim/SRR8859675.abundtrim.fq.gz,SRR8859675,f6c19972,280952000,31,DNA,1000,280952,True,0.9409891696278505,0.9870793167159171,0.9640342431718838,0.9870793167159171,False
987000,0.0035130556109228624,1.0,0.0035130556109228624,0.027899701122930286,18.811550151975684,19.0,5.15071220306984,/home/stamps2022/grist/MAGs.db.zip,MAG1_1,7511638f709cf137c4f9593feb78beb6,1.0,987000,4,2994000,outputs.stamps/abundtrim/SRR8859675.abundtrim.fq.gz,SRR8859675,f6c19972,280952000,31,DNA,1000,280952,True,0.9217110935543954,1.0,0.9608555467771978,1.0,False
622000,0.002213901306984823,0.23223635003739715,0.002210341980124719,0.0028880931522740354,3.0950080515297906,3.0,2.2498504244287716,/home/stamps2022/grist/gtdb-rs207.genomic-reps.dna.k31.zip,"GCA_016938795.1 Chromatiaceae bacterium, ASM1693879v1",fda0483e58b1aa17466f5438b4cabdcc,0.23261032161555723,621000,5,2373000,outputs.stamps/abundtrim/SRR8859675.abundtrim.fq.gz,SRR8859675,f6c19972,280952000,31,DNA,1000,280952,True,0.9080843878908715,0.9540445980382135,0.9310644929645425,0.9540445980382135,False
598000,0.0021284774623423217,0.2427536231884058,0.0019077991970158604,0.0016484069656839838,2.046641791044776,1.0,3.7620041586362967,/home/stamps2022/grist/gtdb-rs207.genomic-reps.dna.k31.zip,"GCA_016931495.1 Chlorobiaceae bacterium, ASM1693149v1",6848c45991a3da9ab58d1bd826487307,0.2708333333333333,536000,6,1837000,outputs.stamps/abundtrim/SRR8859675.abundtrim.fq.gz,SRR8859675,f6c19972,280952000,31,DNA,1000,280952,True,0.9069324571948253,0.9587382804933102,0.9328353688440678,0.9587382804933102,False
351000,0.0012493237278965801,0.09298013245033113,0.0012493237278965801,0.0013719193798263237,2.601139601139601,2.0,1.5889213529881232,/home/stamps2022/grist/gtdb-rs207.genomic-reps.dna.k31.zip,"GCA_002440745.1 Bacteroidales bacterium UBA6267, ASM244074v1",6f1b00411b85cb16de309da7a1ec8328,0.09298013245033113,351000,7,1486000,outputs.stamps/abundtrim/SRR8859675.abundtrim.fq.gz,SRR8859675,f6c19972,280952000,31,DNA,1000,280952,True,0.8914779791140567,0.9262372935897579,0.9088576363519073,0.9262372935897579,False
304000,0.001082035365471682,0.13353900396650506,0.0010784760386115778,0.0006160864684871772,1.353135313531353,1.0,1.0296183429724324,/home/stamps2022/grist/gtdb-rs207.genomic-reps.dna.k31.zip,"GCA_018399635.1 Clostridia bacterium, ASM1839963v1",b2db925df01ab1ee59071a0b73bbd07b,0.13397972675187308,303000,8,1183000,outputs.stamps/abundtrim/SRR8859675.abundtrim.fq.gz,SRR8859675,f6c19972,280952000,31,DNA,1000,280952,True,0.8873534352939036,0.9372165964300951,0.9122850158619994,0.9372165964300951,False
289000,0.0010286454625701188,0.11328890631125049,0.0010286454625701188,0.0005559804715615989,1.2802768166089966,1.0,0.6505190311418685,/home/stamps2022/grist/gtdb-rs207.genomic-reps.dna.k31.zip,"GCA_016938515.1 Spirochaetales bacterium, ASM1693851v1",0939495a5ad145bc7b8296d57bc9ce96,0.11328890631125049,289000,9,894000,outputs.stamps/abundtrim/SRR8859675.abundtrim.fq.gz,SRR8859675,f6c19972,280952000,31,DNA,1000,280952,True,0.8859061979656239,0.9321588252239602,0.909032511594792,0.9321588252239602,False
140000,0.0004983057604145904,0.06529850746268656,0.0004983057604145904,0.0002419266376254525,1.15,1.0,0.3950587659721381,/home/stamps2022/grist/gtdb-rs207.genomic-reps.dna.k31.zip,"GCA_002418765.1 Peptococcaceae bacterium UBA5767, ASM241876v1",d027f2f0f6f4230ca7aea29ae55a37bd,0.06529850746268656,140000,10,754000,outputs.stamps/abundtrim/SRR8859675.abundtrim.fq.gz,SRR8859675,f6c19972,280952000,31,DNA,1000,280952,True,0.8654338449344517,0.9157376551067271,0.8905857500205894,0.9157376551067271,False
215000,0.0007652552749224066,0.04500354358610914,0.00045203451123323557,0.0013268398821321401,6.952755905511811,1.0,39.22072774096586,/home/stamps2022/grist/gtdb-rs207.genomic-reps.dna.k31.zip,"GCF_004118635.1 Chlorobaculum sp. 24CR strain=24CR, ASM411863v1",eb8916635d288599d9e5afa6792ef5a1,0.07618710134656272,127000,11,627000,outputs.stamps/abundtrim/SRR8859675.abundtrim.fq.gz,SRR8859675,f6c19972,280952000,31,DNA,1000,280952,True,0.8774934614320359,0.920304741782917,0.8988991016074764,0.920304741782917,False
248000,0.0008827130613058458,0.048726953467954345,0.0003950852814715681,0.0008730396053440242,5.2342342342342345,2.0,6.247096557969452,/home/stamps2022/grist/gtdb-rs207.genomic-reps.dna.k31.zip,"GCF_000020505.1 Chlorobaculum parvum NCIB 8327 strain=NCIB 8327, ASM2050v1",82d907cc0f505ac13179b8386cb051e5,0.10886742756804214,111000,12,516000,outputs.stamps/abundtrim/SRR8859675.abundtrim.fq.gz,SRR8859675,f6c19972,280952000,31,DNA,1000,280952,True,0.8815446529048193,0.930962510136106,0.9062535815204626,0.930962510136106,False
108000,0.00038440730089125545,0.018577494692144373,0.0003737293203109428,0.00020436038954696608,1.2952380952380953,1.0,1.7343795900431587,/home/stamps2022/grist/gtdb-rs207.genomic-reps.dna.k31.zip,"GCF_000223985.1 Thiocapsa marina 5811 strain=5811, ASM22398v1",f6b461e5c0ff0a5dd504012d777532fa,0.01910828025477707,105000,13,411000,outputs.stamps/abundtrim/SRR8859675.abundtrim.fq.gz,SRR8859675,f6c19972,280952000,31,DNA,1000,280952,True,0.8582192535800539,0.8801476536797984,0.8691834536299261,0.8801476536797984,False
